sep=,
network,name,url,id,description,influence
dailymotion,LehrenDotCom,https://www.dailymotion.com/LehrenDotCom,x2dy9he,Lehren’s videos packaged film news  gossip  reviews interviews and magazine content was showcased in the kaleidoscopic format typical of Bollywood. This made Lehren a household name in the VHS Home video market and the company grew to become the biggest source of film-based content in India and overseas. Its chatty  snippety video magazines became the template for entertainment shows when India’s television industry was opened up to private producers in the late 1980s and early 1990s. To this day TV channels  production companies and new era content creators follow the styles and formats invented by Lehren back then. Lehren enjoys great brand recall within the Indian Entertainment industry and among Showbiz fans worldwide. Currently  Lehren has over 500 000 videos playing on multiple media platforms and consistently clocks One Billion million video views every quarter on YouTube alone. Lehren today offers fresh content like celeb gossips  fashion and lifestyle  movies  music  comedy  web series  short films and current affairs everyday to its discerning viewers.,11
dailymotion,oh5,https://www.dailymotion.com/oh5com,x2dh8h9,,2
dailymotion,tv100,https://www.dailymotion.com/tv100com,x2aj8qh,Türkiye’nin yeni YÜZ’ü tv100 son dakika haberleri  Okan Bayülgen   Cengiz Semercioğlu programları Muhabbet Kralı  Uykusuzlar Kulübü ve canlı yayınlarla yeni video serileriyle her an elinizin altında. tv100 uydu bilgileri:TÜRKSAT 4AFrekans: 12729Sembol: 30000Polarizasyon: V (Dikey)tv100 DIGITURK ve DSMART platformlarında da 37. kanaldan izlenebilir. https://www.tv100.comtv100 iOS uygulaması: https://itunes.apple.com/us/app/tv100/id1461449107?mt=8&amp;ign-mpt=uo%3D2tv100 Android uygulaması: https://play.google.com/store/apps/details?id=com.bilgin.tv100Facebook: https://www.facebook.com/tv100com/Twitter: https://twitter.com/tv100Instagram: https://www.instagram.com/tv.100/?hl=trYoutube: https://www.youtube.com/tv100comDailymotion: https://dailymotion.com/tv100comFlipboard: https://bit.ly/2IHttez,23
dailymotion,Dance.com,https://www.dailymotion.com/Dance_com,x27s836,Dance.com celebrates everything from hip hop to weddings to ballet (and even dancing pets!)  A media platform for dance fans -- from hip-hop fanatics to ballet devotees to Beyonce's "Beyhive." Dance.com loves to dance  and they want to see your moves  whether they're brilliant showstoppers or loveably wacky. They even want to see your dancing pets!,9
dailymotion,KenyaMOJA.com,https://www.dailymotion.com/kenyamoja_com,x25qavk,,3
dailymotion,El Águila Descalza,https://www.dailymotion.com/aguiladescalza-com,x23vzv5,Carlos Mario Aguirre crea El Águila Descalza en 1980. Funda su primera sede en 1984  una pequeña habitación en su apartamento del barrio Laureles en Medellín  con capacidad para 7 espectadores.  En 1985 ingresa al grupo Cristina Toro. Con ella inaugura una nueva sede en el barrio Laureles con capacidad para 25 espectadores  con el estreno de Boleros en su ruta en 1985  se amplía la sede para dar cabida a 50 espectadores. En marzo de 1986 se estrena País paisa  cuyo éxito proyecta al grupo en el ámbito nacional e internacional.  Después de ese fenómeno teatral que bate todos los récords de asistencia y permanencia en la historia del teatro colombiano  el grupo ha producido obras como Trapitos al Sol  Pues Antioquia vos  Medio Medellín  Colcha de retazos  Pecao mortal  Cosas de la vida  Vida de perros  La patria boba  Matando el tiempo  Historia clínica  Su Mamá  la suya  San Gardel de Medellín  Ambiente familiar con cantaleta  Llevando del bulto  Va la madre  Mañana le pago  Coma callao  Chupe por bobo  Los pasos del olvido  el sueño del pibe  No vuelvo a beber  entre otras. ,38
dailymotion,InilahDotCom,https://www.dailymotion.com/InilahDotCom,x22jgvx,24 hours news update,39
dailymotion,Dek-D.COM Official,https://www.dailymotion.com/webdekd,x1nxt10,,631
dailymotion,HijUpCom,https://www.dailymotion.com/HijUpCom,x1m1hqx,Official YouTube Channel of HijUp.com   World First Islamic Fashion E-Commerce Private Shopping via WhatsApp +62 83874000962. BB 79f1248f. Line : HijUp  How to Shop? Click: http://bit.ly/1dAB0mr HijUp.com is a pioneering covered fashion store. We sell fas,6
dailymotion,HibaPress,https://www.dailymotion.com/hibapressCom,x1l5hwh,,6
linkedin,Alan Grofield,https://www.linkedin.com/in/alan-grofield-32806468,,IT and Security DirectorMegaCorpOne ... Dana Bessey  CISSP  SSCP. LinkedIn makes me a better person! There are daily reminders of how to do more and practice at being a superior human.,
linkedin,Stan Denvers,https://www.linkedin.com/in/stan-denvers-06a6a268,,CollectionsMegaCorpOne MegaCorpOne. 1996 – Present24 years. When people don't pay  I collect.,
linkedin,Handy McKay,https://www.linkedin.com/in/handy-mckay-79404568,,RecruiterMegaCorpOne MegaCorpOne. 1978 – Present42 years. Responsible for all recruitment for the organization. You don't get hired unless you go through me. Join to view Handy's&nbsp;...,
linkedin,Fred Ducasse,https://www.linkedin.com/in/fred-ducasse-47670068,,InvestmentsMegaCorpOne MegaCorpOne. 1987 – Present33 years. My responsibilities include finding investment opportunities for the company. This ranges from companies that we&nbsp;...,
linkedin,Mike Carlow,https://www.linkedin.com/in/mike-carlow-8128896a,,VP of Legal AffairsMegaCorp One View Mike Carlow's profile on LinkedIn  the world's largest professional community. Mike has 1 job listed on their profile. See the complete profile on LinkedIn&nbsp;...,
linkedin,Mike Schneakins,https://www.linkedin.com/in/mike-schneakins-763406148,,Software Developermegacorpone ... View Mike Schneakins' profile on LinkedIn  the world's largest professional community. Mike has 1 job listed on their profile. See the complete profile on&nbsp;...,
linkedin,Javier Ruiz,https://www.linkedin.com/in/javier-ruiz-b1ba1451,,DevOps EngineerSilicon Labs Mike Schneakins. Software Developer at megacorpone ... VP of Legal Affairs at MegaCorp One. Handy McKay. Handy McKay. Recruiter at MegaCorpOne&nbsp;...,
linkedin,michael CARLO,https://www.linkedin.com/in/michael-carlo-97132b32,,retiredCape Cod  MA Mike Carlow. VP of Legal Affairs at MegaCorp One. Harold Friedlander. Harold Friedlander . Others named michael CARLO. Michael Carlo. Michael Carlo.,
linkedin,Robert Bowman,https://www.linkedin.com/in/robert-bowman-b29a54185,,Logistics OperativeMegaCorp Logistics ... View Robert Bowman's profile on LinkedIn  the world's largest professional community. Robert has 1 job listed on their profile. See the complete profile on&nbsp;...,
linkedin,ALAN GROFIELD,https://www.linkedin.com/in/alan-grofield-190a933b,,Tampa/St. Petersburg  Florida Area ... IT and Security Director at MegaCorpOne. Las Vegas  Nevada Area. 3 others named ALAN GROFIELD are on LinkedIn. See others named ALAN GROFIELD&nbsp;...,